f1,best_valid_f1,precision,best_valid_precision,recall,best_valid_recall,accuracy,best_valid_accuracy
0.9818181991577148,0.8813559412956238,0.9642857313156128,0.9523809552192688,1.0,1.0,0.9852941036224365,0.890625
,0.5777778029441833,,1.0,,1.0,,0.65625
0.9411764740943909,0.875,1.0,0.9545454382896423,0.8888888955116272,0.807692289352417,0.9558823704719543,0.90625
0.9615384340286255,0.8085106611251831,1.0,0.9473684430122375,0.9259259104728699,0.7307692170143127,0.970588207244873,0.859375
0.9433962106704712,0.8571428656578064,0.9615384340286255,0.9130434989929199,0.9259259104728699,0.8461538553237915,0.9558823704719543,0.890625
0.9433962106704712,0.8627451062202454,0.9615384340286255,0.949999988079071,0.9259259104728699,0.8461538553237915,0.9558823704719543,0.890625
0.9411764740943909,0.8571428656578064,1.0,1.0,0.8888888955116272,1.0,0.9558823704719543,0.890625
0.8421052694320679,0.8474576473236084,0.800000011920929,1.0,0.8888888955116272,1.0,0.8676470518112183,0.875
